imageWidth;imageHeight;imageType;imageSizeBytes;downloadTime;finalUrl
200;300;image/jpeg;12230;0.37;https://fastly.picsum.photos/id/1003/200/300.jpg?hmac=EyW0hjzA-KJ6r3bbEy9Ufw2Y2SeTmRSnusDY_g2czPg
200;300;image/jpeg;6947;0.59;https://fastly.picsum.photos/id/267/200/300.jpg?hmac=71ZHnaLGpe60Bb7cgwu_Ufi0XGXbH1-0AFe8ccsi7Fg
200;300;image/jpeg;12457;0.35;https://fastly.picsum.photos/id/483/200/300.jpg?hmac=D_dBiQY-_Hb5jICLp91Jagw6tJ3CeHNGJOkAJznIfCw
200;300;image/jpeg;6109;0.37;https://fastly.picsum.photos/id/875/200/300.jpg?hmac=9NSoqXHP89pGlq4Sz3OgGxjx5c91YHJkcIOBFgNJ8xA
200;300;image/jpeg;6145;0.27;https://fastly.picsum.photos/id/194/200/300.jpg?hmac=jZgjsqqVvdWnXHdytjS2JPImgQFz9bGSyVQ31-b_eH4
200;300;image/jpeg;9688;0.28;https://fastly.picsum.photos/id/969/200/300.jpg?hmac=c2_qrnkxo7rpO3oK-Lto9vTVaCKc5sow7GjMpKiPQN8
200;300;image/jpeg;8833;0.38;https://fastly.picsum.photos/id/882/200/300.jpg?hmac=j02hkJZfREXyROkSfM6KpIIPHsAaGLmWylVEr5sRzok
200;300;image/jpeg;13376;0.34;https://fastly.picsum.photos/id/396/200/300.jpg?hmac=EggjXXQZSnTN-aT9Iv-3k0S4sU2U5XlJfPwRVYafOSQ
200;300;image/jpeg;10299;0.36;https://fastly.picsum.photos/id/494/200/300.jpg?hmac=YdLwRbrTAzFXaAJcsj854mgNuS5jqYM8bcjCzSrSDRM
200;300;image/jpeg;11693;0.35;https://fastly.picsum.photos/id/606/200/300.jpg?hmac=BRE2ZQWvR5ntz52bw_Js0wWKmc4kKVAAppUz4_xfewo
200;300;image/jpeg;11159;0.37;https://fastly.picsum.photos/id/997/200/300.jpg?hmac=NeXq5MvhpKvGEq_X3jULp2C3Lg-8IQK8bdtnyJeXDIQ
200;300;image/jpeg;13210;0.28;https://fastly.picsum.photos/id/355/200/300.jpg?hmac=CjmRk_yPeMJV6teNYBA4ceaviVpxIl8XM9NL7GQzLMU
200;300;image/jpeg;9688;0.38;https://fastly.picsum.photos/id/969/200/300.jpg?hmac=c2_qrnkxo7rpO3oK-Lto9vTVaCKc5sow7GjMpKiPQN8
200;300;image/jpeg;11577;0.37;https://fastly.picsum.photos/id/508/200/300.jpg?hmac=h7es7XtWndmLEtkzgE3VR1IHXLsLzKplxL_77_YNTGo
200;300;image/jpeg;11718;0.38;https://fastly.picsum.photos/id/155/200/300.jpg?hmac=nG5WHfEXcJmld5FbH0N9bGciE9a57S0bgIHHTpxag7o
200;300;image/jpeg;12737;0.34;https://fastly.picsum.photos/id/455/200/300.jpg?hmac=IRhIhAnPAK71fkZ41MDW7ZOQWyMDZcBkbWPUUUp9Y3Q
200;300;image/jpeg;6825;0.41;https://fastly.picsum.photos/id/108/200/300.jpg?hmac=66ukSMLRNm61ayt092vMAdSgvIRE5opr1Dj3kxCkC2c
200;300;image/jpeg;6288;0.34;https://fastly.picsum.photos/id/100/200/300.jpg?hmac=MeTp97vw7VNDswRcCqUFkGNC8ILDvNfI4MRoHFyGcQ8
200;300;image/jpeg;9153;0.36;https://fastly.picsum.photos/id/539/200/300.jpg?hmac=anJssHN1m53jBatiVAldD8gSdk_3w_5WHOCNCFvGFkk
200;300;image/jpeg;9863;0.34;https://fastly.picsum.photos/id/367/200/300.jpg?hmac=9v6fvZlygxFPleXOePw645QmRd9ytp91VGVQaolJKIk
200;300;image/jpeg;6539;0.36;https://fastly.picsum.photos/id/810/200/300.jpg?hmac=HgwlXd-OaLOAqhGyCiZDUb_75EgUI4u0GtS7nfgxd8s
200;300;image/jpeg;8820;0.28;https://fastly.picsum.photos/id/623/200/300.jpg?hmac=2LlPuWimnDeGk-zZPKKgRVozFd3c-26BinXWcxfTtXo
200;300;image/jpeg;3399;0.38;https://fastly.picsum.photos/id/922/200/300.jpg?hmac=8jYf_4IHA1W1IEWKcG0gSoMAP1LKJ7QzAsSTVIYjwXM
200;300;image/jpeg;5744;0.37;https://fastly.picsum.photos/id/160/200/300.jpg?hmac=RM8ofyEQBOl_xUcD4r_IVw6CQeVY8AQ4qtdM8js1D18
200;300;image/jpeg;4448;0.38;https://fastly.picsum.photos/id/677/200/300.jpg?hmac=SY5ivEgZyzceLCwED8Yf6wbKGkh7BZ9JrsxywDxM1m0
200;300;image/jpeg;4140;0.4;https://fastly.picsum.photos/id/525/200/300.jpg?hmac=Dhg6JV7Cl1oDtYMG0pq3hVUbGQjEpOX41178aR7_eh8
200;300;image/jpeg;16892;0.38;https://fastly.picsum.photos/id/299/200/300.jpg?hmac=iJwKPn_sm8S_ZGJttTHq5EpwaEESy8Q-qDaQ9xWtlYw
200;300;image/jpeg;12014;0.37;https://fastly.picsum.photos/id/680/200/300.jpg?hmac=OUdNxaSLxw8SgCxALPFPfZAurK6KVGLpU3hzbCrumJc
200;300;image/jpeg;7905;0.29;https://fastly.picsum.photos/id/440/200/300.jpg?hmac=3Nx5MHMCVguEcZQ1M3RnSrCpHNn9sabFI5y6aYzvceQ
200;300;image/jpeg;12860;0.35;https://fastly.picsum.photos/id/214/200/300.jpg?hmac=XWc2pr4xabaprbyVoKEw9VsBDZ0ibySoVWMJaKokGRU
200;300;image/jpeg;9540;0.36;https://fastly.picsum.photos/id/429/200/300.jpg?hmac=6ShrHCg_ioSEwdK2j-TkxO08G50YITxb2h0Z42Y8piI
200;300;image/jpeg;11013;0.36;https://fastly.picsum.photos/id/116/200/300.jpg?hmac=uPAnc-n8DQQ64MK4BNdh5H0jZftgEJ1sWpFPDBHni5o
200;300;image/jpeg;8801;0.34;https://fastly.picsum.photos/id/736/200/300.jpg?hmac=WlU1DEqIVU_kIsTa682WsLgBIfCRbqhOAuKifGAq8TY
200;300;image/jpeg;8786;0.36;https://fastly.picsum.photos/id/1011/200/300.jpg?hmac=3OASTCcuMs99-ZFi2rl7Rh9DuaNJXZytGmDyOsRm7Hw
200;300;image/jpeg;9900;0.38;https://fastly.picsum.photos/id/411/200/300.jpg?hmac=HAAfOgAOgDPvxb7JO5zY-aR9Q-mJoDxYkZqNpoadhbw
200;300;image/jpeg;10103;0.36;https://fastly.picsum.photos/id/1061/200/300.jpg?hmac=wvuhffnNEQ5g9Q0f7LZiEvh6JEJqL3ppJuHT2M_YJLI
200;300;image/jpeg;5371;0.38;https://fastly.picsum.photos/id/53/200/300.jpg?hmac=KbEX4oNyVO15M-9S4xMsefrElB1uiO3BqnvVqPnhPgE
200;300;image/jpeg;8833;0.36;https://fastly.picsum.photos/id/882/200/300.jpg?hmac=j02hkJZfREXyROkSfM6KpIIPHsAaGLmWylVEr5sRzok
200;300;image/jpeg;14034;0.31;https://fastly.picsum.photos/id/522/200/300.jpg?hmac=6-KFAVAX70eulRbHj_faT1bRFPGrXhPiDHXe6zPaH-4
200;300;image/jpeg;6748;0.4;https://fastly.picsum.photos/id/450/200/300.jpg?hmac=EAnz3Z3i5qXfaz54l0aegp_-5oN4HTwiZG828ZGD7GM
200;300;image/jpeg;4443;0.36;https://fastly.picsum.photos/id/888/200/300.jpg?hmac=WJcjbSQSOOzfBpPsUKZHZzjBCJjDv43RwJ8P8Ag2xj4
200;300;image/jpeg;14699;0.3;https://fastly.picsum.photos/id/576/200/300.jpg?hmac=Uf-okGnisfAphCT3N-WTyzaG-e-r9yvOhY3W43DMWwA
200;300;image/jpeg;9863;0.37;https://fastly.picsum.photos/id/367/200/300.jpg?hmac=9v6fvZlygxFPleXOePw645QmRd9ytp91VGVQaolJKIk
200;300;image/jpeg;12443;0.63;https://fastly.picsum.photos/id/336/200/300.jpg?hmac=FYvgN5rqQdtTh1q0wSE75sgfBRdhD-qNJwP12mTVXTc
200;300;image/jpeg;4520;0.34;https://fastly.picsum.photos/id/310/200/300.jpg?hmac=Zuza6ZJ8P0eOEJ3TsGuBoFjarwaO7vlgyNr9UVx1low
200;300;image/jpeg;9599;0.36;https://fastly.picsum.photos/id/726/200/300.jpg?hmac=9WbqvM6W7D0BwVEyvVbC2xL9ulSQpXyoTcL3O89modM
200;300;image/jpeg;8053;0.35;https://fastly.picsum.photos/id/280/200/300.jpg?hmac=M5LGtIQZPTGPTTmFXFcgUUV0zXG6sy-bGJ6zDZHedA0
200;300;image/jpeg;16948;0.37;https://fastly.picsum.photos/id/217/200/300.jpg?hmac=3GPQ-pPnL4D8miCKA0qNqIg4zr5Ponvl9OVH83CeGuc
200;300;image/jpeg;9619;0.42;https://fastly.picsum.photos/id/339/200/300.jpg?hmac=rX8fDMMSNKZhzvcqJCduRuj33pXDgDlJiqOMqSuNwOo
200;300;image/jpeg;8113;0.36;https://fastly.picsum.photos/id/495/200/300.jpg?hmac=OsobauPIo6ZkK-m7_1CJQSqx8pYwI-TlFyxGj8ScOXc
200;300;image/jpeg;9233;0.4;https://fastly.picsum.photos/id/479/200/300.jpg?hmac=24Y_2mfqS4Jh4cf1gOlnYGYBszrnuy3ebrKkszU885k
200;300;image/jpeg;5695;0.38;https://fastly.picsum.photos/id/987/200/300.jpg?hmac=JG_lwzlHFo64MDTTkaO_NK_KfCF-FE4ajdvEFqPJ4qY
200;300;image/jpeg;15052;0.38;https://fastly.picsum.photos/id/1038/200/300.jpg?hmac=YkU1czWdP8PVibbjnh2YFlQZVnacHSntbpt41mgiXGU
200;300;image/jpeg;13605;0.36;https://fastly.picsum.photos/id/574/200/300.jpg?hmac=8A2sOGZU1xgRXI46snJ80xNY3Yx-KcLVsBG-wRchwFg
200;300;image/jpeg;3584;0.29;https://fastly.picsum.photos/id/119/200/300.jpg?hmac=1NqHBHR5JDtc_FgBO6wYZJYAWBRIPfgNbRoiqVQ5m-k
200;300;image/jpeg;13317;0.39;https://fastly.picsum.photos/id/40/200/300.jpg?hmac=1W_CCXwLDbBONqjiVzw4WW5Zvi3P7AByQQDuqpALR5w
200;300;image/jpeg;5245;0.37;https://fastly.picsum.photos/id/439/200/300.jpg?hmac=-995cverChuR_nKZFItxOP38htc5deVMd6ZrKiME55g
200;300;image/jpeg;9508;0.3;https://fastly.picsum.photos/id/168/200/300.jpg?hmac=ILU5dddz6ohoQEq3_1fmoy2wEFfM1V1JfjLX_JsbOz0
200;300;image/jpeg;10875;0.37;https://fastly.picsum.photos/id/699/200/300.jpg?hmac=s68cvOJXxl4ZvaOM6PpveL8klBiaViC9Nbi02oETt5k
200;300;image/jpeg;15781;0.34;https://fastly.picsum.photos/id/543/200/300.jpg?hmac=JHbKAeHI7u3kPoNG9pE9vFnF8ozQabbnwrDwHxdcqv4
200;300;image/jpeg;15825;0.38;https://fastly.picsum.photos/id/640/200/300.jpg?hmac=wFv1Wyd-STy0zsr2E2USifr--6VcaWg6pOhzelisMIg
200;300;image/jpeg;12463;0.35;https://fastly.picsum.photos/id/397/200/300.jpg?hmac=9VBInLrifj_yyc2JuJSAVIfj9yQdt5Ovm2sHmvva-48
200;300;image/jpeg;10488;0.52;https://fastly.picsum.photos/id/564/200/300.jpg?hmac=GML84ZsOUsd0_XLIMleR9RvRFT8-pojH0AwU7tRHoCg
200;300;image/jpeg;12786;0.34;https://fastly.picsum.photos/id/912/200/300.jpg?hmac=wRzqCXn4iQFYYTjMpB_LljooIBYELbMYz8kUuWS-toc
200;300;image/jpeg;6955;0.36;https://fastly.picsum.photos/id/1069/200/300.jpg?hmac=z7ef02jy_-2I0_UTVob-AN6AWxP7-4bTJmZZnnLKMgk
200;300;image/jpeg;8475;0.35;https://fastly.picsum.photos/id/974/200/300.jpg?hmac=QEuRqsjG8spkqu72dWfkl4m-kSl5p-CEfHgx9dnnZLo
200;300;image/jpeg;13737;0.35;https://fastly.picsum.photos/id/395/200/300.jpg?hmac=qBCH-WGDS8eV52Y-LKSyEUXBavhsZrpi_XhOFFPMXaU
200;300;image/jpeg;9688;0.3;https://fastly.picsum.photos/id/969/200/300.jpg?hmac=c2_qrnkxo7rpO3oK-Lto9vTVaCKc5sow7GjMpKiPQN8
200;300;image/jpeg;12014;0.34;https://fastly.picsum.photos/id/680/200/300.jpg?hmac=OUdNxaSLxw8SgCxALPFPfZAurK6KVGLpU3hzbCrumJc
200;300;image/jpeg;8647;0.37;https://fastly.picsum.photos/id/278/200/300.jpg?hmac=cEuhOs8kJ8HxZkY2ZlsiKJVvxytDZNkZMB6OdB5ZbAI
200;300;image/jpeg;5473;0.34;https://fastly.picsum.photos/id/654/200/300.jpg?hmac=JhhoLGzzNeSmL5tgcWbz2N4DiYmrpTPsjKCw4MeIcps
200;300;image/jpeg;15781;0.37;https://fastly.picsum.photos/id/543/200/300.jpg?hmac=JHbKAeHI7u3kPoNG9pE9vFnF8ozQabbnwrDwHxdcqv4
200;300;image/jpeg;7296;0.39;https://fastly.picsum.photos/id/477/200/300.jpg?hmac=Y-uy4_ZZZ6HOZCxdiN04OOypBZ3y2dY2gAfu9MvZMSE
200;300;image/jpeg;10136;0.27;https://fastly.picsum.photos/id/189/200/300.jpg?hmac=hHje_4JkF5zMl3-XI-og30tFYciyr_jlTaswOXtA_Bo
200;300;image/jpeg;9620;0.37;https://fastly.picsum.photos/id/1058/200/300.jpg?hmac=KdLDQtUUGPBshA5WQaD3nZMUtdgHS9zJJ3pfoXWdjUE
